,반찬
0,쇠불고기/잡채
1,계란장조림
2,춘권튀김*칠리드레질
3,통들깨부추무침
4,오이볶음
5,사과오이초무침
6,봄동된장무침
7,오복지/찐햇감자
8,닭다리살스테이크
9,부추생채/양파절임
10,문어오이미역초무침
11,미역오이초무침
12,매운어묵볶음
13,냉모밀국수
14,아귀콩나물찜
15,카프레제샐러드
16,매운소고기낙지볶음
17,포기김치/사과나무주스
18,수원왕갈비통닭
19,황태맑은국
20,하와이안샐러드
21,노각생채
22,북어콩나물국
23,콘치즈오븐구이
24,음료
25,햄계란말이
26,찰떡떡갈비조림
27,포기김치/꿀호떡
28,무채국
29,"고구마치즈빵,오렌지"
30,어묵매운탕
31,아몬드멸치볶음/과일
32,코다리양념조림
33,오리고추장볶음
34,견과류연근조림
35,파프리카계란말이
36,생선까스*타르
37,쇠고기낙지볶음
38,해물누룽지탕
39,자반고등어구이
40,돈육장조림
41,석박지
42,통도라지고추장구이
43,민물새우찌개
44,시래기들깨탕
45,돈육콩나물불고기
46,꽃맛살과일샐러드
47,고구마치즈구이
48,불닭볶음
49,탕수만두
50,명태조림
51,미트볼채소볶음
52,시금치나물
53,치킨핑거
54,느타리버섯국
55,생야채&쌈장
56,들깨시래기국
57,고추잎나물
58,미역미소시루
59,단무지
60,돈삼겹보쌈
61,고추잡채*꽃빵
62,단무지/바나나
63,콩나물맑은국
64,단무지무침
65,"해초샐러드,사과즙"
66,*발사믹소스
67,들깨미역국
68,해물겨자냉채
69,임연수찜
70,골뱅이무침
71,왕갈비탕
72,바베큐폭립
73,장어구이*소스
74,깻순나물
75,맑은버섯육개장
76,도라지오이무침/식혜
77,소고기매운무국
78,우묵콩국
79,감자조림
80,춘권튀김*칠리소스
81,견과류멸치볶음
82,소고기무국
83,오리불고기
84,고추장감자조림
85,풋고추양파쌈장무침
86,돈육간장볶음
87,채소스틱*쌈장
88,오렌지주스
89,"홍삼,크란치바"
90,스팸계란전
91,포기김치/인절미
92,계란파국
93,영양모듬견과
94,열무된장국
95,유채나물무침
96,상추무침*양념장
97,고구마순볶음
98,비엔나볶음
99,건새우호박볶음
100,크래미숙주무침
101,생깻잎지
102,포기김치/고구마오븐구이
103,무쌈/양파절임
104,돈간장불고기
105,감자만두
106,유채겉절이
107,비빔야채만두
108,우렁된장찌개
109,해물콩나물찜
110,청포묵무침
111,소고기숙주나물볶음
112,두릅새송이초무침
113,모둠쌈*쌈장
114,우묵냉국
115,사과오이냉국
116,유부채소겨자무침
117,간장두부조림
118,상추초무침
119,사골우거지탕
120,연두부*장
121,메추리알조림
122,명태코다리강정
123,멸치크랜베리볶음
124,참치야채샐러드
125,참나물땅콩가루무침
126,호박된장찌개
127,돌나물무침/치킨무
128,매운돈갈비찜
129,아삭고추무침
130,검정콩조림
131,아욱수제비국
132,쌈추겉절이/핫도그
133,골뱅이무침*소면
134,참나물무침
135,히레카츠*소스
136,바지락미역국
137,양배추피클
138,쨔샤이무침/과일
139,봄동겉절이/양념김
140,무말랭이
141,가지찜
142,모듬양채쌈
143,쇠고기단호박조림
144,호박채나물볶음
145,어묵잡채
146,쭈삼불고기
147,채소계란말이
148,시금치부침개
149,생선까스*소스
150,날치알계란찜
151,모둠버섯구이
152,매콤낙지볶음
153,상추쑥갓생채
154,야채스틱/과일
155,*쌈장
156,더덕무침
157,등갈비김치찜
158,크래미해초무침
159,돈육굴소스볶음
160,배추쌈/무말랭이
161,하루나겉절이
162,치킨커틀렛
163,오리고추장불고기
164,두부고기양념찜
165,치킨무/콘슬로우
166,차돌박이숙주볶음
167,감자비엔나볶음
168,제육고추장불고기
169,김치고기전
170,열무나물무침
171,겉절이김치/꽈배기도넛
172,녹두김치전
173,계란국
174,훈제오리냉채
175,깻잎찜
176,연두부*달래장
177,부추고추장무침
178,시금치국
179,두부참치조림
180,대패삽겹숙주볶음
181,어묵국
182,어묵탕
183,문어꽈리고추조림
184,간장깻잎지
185,오이사과무침
186,꽁치와사비구이
187,미니케익/식혜
188,삼색만두채소무침
189,매운호박볶음
190,생선커틀릿
191,돼지고기유자청볶음
192,딸기드레싱샐러드
193,고추간장지
194,계란찜
195,동태탕
196,고등어조림
197,치킨텐더샐러드
198,풍기샐러드
199,치커리유자청무침
200,오미자주스
201,보름나물/구이김
202,달래두부무침
203,고추장찌개
204,알감자버터구이
205,쭈꾸미삼겹고추장볶음
206,브로콜리쌈장무침
207,돈사태김치찜
208,팝콘치킨*데리마요
209,호박잎찌개
210,매운소불고기
211,가자미유린기
212,두부*김치볶음
213,풋마늘초무침
214,건새우미역국
215,고추지
216,콩나물파채절이
217,단호박카레라이스
218,옥수수콘치즈구이
219,씨리얼과일샐러드
220,맑은국
221,가지나물
222,취나물
223,견과류마카로니범벅
224,하와이언함박스테이크
225,순살닭갈비
226,파프리카감자채볶음
227,연어스테이크
228,오이지무침
229,세발나물무침
230,풋마늘대무침
231,모듬버섯구이*초장
232,"과일,프로바이오틱"
233,소고기브로컬리볶음
234,닭매운찜
235,전주식콩나물해장국
236,고구마범벅
237,반달호박나물
238,양파링카레튀김
239,옥수수전
240,묵은지닭볶음탕
241,도라지나물볶음
242,가자미튀김
243,매운돼지갈비찜
244,호박맑은국
245,비엔나케찹조림
246,멕시칸샐러드
247,크레미계란말이
248,김구이*달래간장
249,모듬소세지구이
250,두부계란부침
251,겉절이김치
252,멸치호두볶음
253,꽃게된장찌개
254,제육볶음
255,겉절이김치/단감
256,유부채소겨자냉채
257,유자청돈육볶음
258,감자볶음
259,와사비무쌈
260,쇠고기매운버섯국
261,연두부탕
262,옹심이만두국
263,명이절임/부추생채
264,시래기지짐
265,호박나물
266,대구지리탕
267,실곤약야채무침
268,쫄면채소무침
269,토란탕
270,단무지/사과
271,동그랑땡
272,보름나물
273,쇠고기모듬장조림
274,풋고추*양파
275,부대찌개*라면사리
276,쇠고기느타리국
277,치커리유자청생채
278,단호박채소전
279,양배추쌈&쌈장
280,또띠아칩
281,콩나물맛살냉채
282,고구마고로케
283,치커리유자무침
284,시금치고추장나물
285,무피클
286,방풍나물
287,오렌지
288,꼬들단무지무침
289,콩자반
290,해물잡채
291,배추국
292,김치필라프
293,만두찜*간장
294,감자채볶음
295,얼갈이겉절이
296,무청된장국
297,신김치도토리묵
298,상추파무침
299,알타리김치
300,오징어브로컬리숙회
301,땅콩멸치볶음
302,꽃맛살샐러드
303,보름나물/김구이
304,북어계란국
305,해물까스*칠리소스
306,두부구이*양념장
307,포기김치/새알팥죽
308,소세지구이
309,도라지무침
310,톳두부무침
311,아삭고추쌈장무침
312,쌈추/깻잎*쌈장
313,가지나물무침
314,오삼불고기
315,매콤돼지갈비찜
316,호박잎/양배추쌈
317,미소국
318,열무나물
319,순두부탕
320,단호박범벅
321,수박
322,삼겹보쌈
323,단무지/쨔샤이무침
324,쪽파무침
325,연두부찜
326,삼겹살수육
327,쑥갓나물
328,비름나물
329,상추부추생채
330,미역무침
331,멸치국수
332,호박숙*양념장
333,무쌈채소말이
334,포기김치/푸딩
335,치커리유자생채
336,콩비지김치찌개
337,"브로컬리,다시마*초장"
338,쌈배추/양상추*쌈장
339,오복지/과일
340,레몬유린기
341,매운쇠고기버섯볶음
342,얼갈이국
343,치킨핑거*요거트드레싱
344,두반장감자볶음
345,깻잎지
346,두부맑은국
347,무생채/귤
348,동그랑땡구이
349,고등어구이*와사비장
350,모둠쌈
351,해파리겨자채
352,춘권*칠리소스
353,해물순두부찌개
354,모듬버섯볶음
355,깻잎순무침
356,야채계란말이
357,비엔나감자조림
358,훈제오리단호박볶음
359,"오징어링,새우튀김"
360,깻잎통닭*치킨소스
361,가래떡구이*조청
362,미나리초무침
363,풋고추/마늘*새우젓
364,돈육고추장불고기
365,치즈닭갈비
366,타코야끼
367,미역미소시루국
368,봄동나물
369,콩나물볶음
370,황태포무침
371,오이소박이
372,야채비빔만두
373,치킨핑거*요거트소스
374,고등어김치말이
375,돌나물무침
376,대파육개장*칼국수
377,늙은호박전
378,치킨핑거/요거트D
379,미소시루
380,오이소배기
381,고추장고구마순무침
382,매운쇠고기국
383,치킨샐러드
384,꽈리고추감자조림
385,미트볼케찹조림
386,도토리묵*양념장
387,매콤콩나물국
388,포기김치/사과/식혜
389,허니버터치킨
390,감자치즈구이
391,가자미카레튀김
392,곤약메추리알조림
393,우동국
394,매운계란파국
395,브로컬리무침
396,머위된장무침
397,버섯메밀전
398,단호박견과류구이
399,미트볼칠리조림
400,요플레
401,멸치아몬드볶음
402,꽃게찌개
403,오꼬노미야끼계란말이
404,간장깻잎지/음료
405,유자청제육볶음
406,해물수제비국
407,포기김치/홍시
408,닭양념조림
409,꽁치오븐구이
410,닭곰탕
411,오징어숙회무침
412,수제피클
413,명태코다리조림
414,새알미역국
415,채소스틱&쌈장/석박지
416,봄동전*양념
417,진미채오이무침
418,버섯매운탕
419,토마토프리타타
420,모둠장조림
421,차돌박이된장찌개
422,모둠버섯볶음
423,꽈리고추어묵조림
424,다슬기아욱국
425,순남시래기국
426,참치채소볶음
427,봄동달래무침
428,비빔메밀국수
429,돼지고추장불고기
430,토마토스파게티
431,수제탕수육
432,칠리새우
433,생선까스*타르소스
434,호박채나물
435,도라지볶음
436,주꾸미초무침
437,부대찌개
438,돼지김치찌개
439,닭다리바베큐오븐구이
440,시금치무침
441,묵은지닭찜
442,해파리무침
443,비엔나피망볶음
444,레몬미역초무침
445,소고기장조림
446,가쯔오국
447,치킨텐더*요거트D
448,해물전
449,삼색유자청무침
450,꽁치한마리구이
451,깻잎양념지
452,미역오이냉국
453,유채나물
454,매운어묵국
455,들깨수제비
456,들깨버섯무침
457,꽃맛살햄볶음
458,맛살냉채
459,삼겹살더덕고추장구이
460,포기김치/배도라지주스
461,겉절이김치/미니버거
462,동태찌개
463,미니함박조림
464,노각무침
465,생선까스
466,미나리초장무침
467,훈제오리구이
468,콩나물김치국
469,들깨버섯국
470,모듬묵양념장
471,숙주나물
472,깐풍기
473,파닭
474,쇠고기매운국
475,청경채찜
476,블랙페퍼쉬림프
477,새우살미역국
478,고구마순나물
479,양파호박채나물
480,냉족발야채무침
481,동태/새송이전
482,돌나물유자청무침/포기김치
483,비트무생채/요플레
484,이연복의
485,경상도식소고기국
486,두부구이
487,얼큰순두부찌개
488,버섯들깨찌개
489,야채스틱
490,고구마함박스테이크
491,쇠불고기
492,모듬장조림
493,닭살냉채
494,두부카프레제
495,새송이버섯전
496,시금치초생채
497,브로콜리깨소스무침
498,바나나
499,수육*새우젓*쌈장
500,홍어채무침
501,고등어카레구이
502,해물까스
503,김치두부국
504,목살데리야끼구이
505,상추&마늘
506,쌈&야채스틱
507,옹심이만두떡국
508,삼색묵무침
509,시금치프리타타
510,콩가루배춧국
511,마파무조림
512,진미채무침
513,닭데리야끼구이
514,콩샐러드/포기김치
515,불미나리무침
516,건취나물볶음
517,비트무생채
518,삼치된장구이
519,파스타샐러드
520,피클/방울토마토
521,고등어구이
522,쪽파국
523,유부김칫국
524,메밀전병만두
525,두부&김치볶음
526,바질페스토스파게티
527,포기김치/츄러스
528,대구탕
529,모듬어묵볶음
530,야채스틱*견과쌈장
531,쇠고기당면볶음
532,오징어튀김*초간장
533,파채콩나물무침
534,짜장닭볶음
535,고추튀김
536,포기김치/바나나
537,겉절이김치/나쵸칩
538,양배추숙쌈
539,포기김치/오프룻요거트
540,아삭이고추된장무침
541,더덕오이생채
542,류산슬
543,미니우동
544,두부강정
545,함박스테이크
546,청경채무침
547,청경채겉절이
548,시래기된장국
549,쇠고기볶음
550,치커리사과무침
551,갈릭돈가스
552,옥수수스프
553,돈육떡강정
554,유린기
555,탄두리치킨
556,우거지국
557,베리베리샐러드
558,/오렌지주스
559,봄동전
560,새우튀김
561,맑은콩나물국
562,야채튀김
563,치즈계란찜
564,오리주물럭
565,새우완자탕
566,양파절임/오이부추무침
567,사천식탕수육
568,소불고기
569,매운어묵무침
570,쑥된장국
571,생선까스&탈탈소스
572,오이사과냉국
573,김말이강정
574,냉이된장찌개
575,군만두*장
576,황태미역국
577,부추와사비무침
578,연두부*양념
579,통도라지구이
580,파프리카잡채
581,파래김*양념장
582,조랭이떡미역국
583,우무콩국
584,굴미역국
585,갈치무조림
586,산고추지무침/겉절이김치
587,삼치구이
588,두부양념조림
589,동태전
590,불낙찌개
591,닭찜
592,황태콩나물해장국
593,명태양념조림
594,마늘치킨
595,차돌박이찌개
596,곤약흑임자무침
597,간장치킨
598,소고기숙주볶음
599,건파래무침
600,잡채
601,브로컬리두부무침
602,석박지/귤
603,맛살계란말이
604,근대나물
605,건새우아욱국
606,목살데리야끼
607,모듬쌈
608,쌈무/참나물생채
609,해물볶음우동
610,맛살전
611,오복지
612,츄러스채소맛탕
613,새우까스*소스
614,깍둑오이초무침
615,청양고추계란말이
616,매콤볼어묵볶음
617,김칫국
618,팽이버섯국
619,부추무침
620,얼갈이생채
621,소세지감자조림
622,탕수어
623,김치제육볶음
624,맛살겨자채
625,버섯불고기
626,포기김치/우무콩국
627,동그랑땡전
628,찐옥수수
629,시금치초무침
630,알배기/깻잎/생강채*쌈장
631,매운콩나물국
632,크림새우
633,양장피잡채
634,스위트칠리미트볼
635,동태포전
636,깍두기
637,배추겉절이/탱크보이
638,부추양파무침
639,우거지된장국
640,양배추채무침
641,취나물쌈장무침
642,수원왕갈비
643,마늘간장치킨
644,브로콜리버섯볶음
645,가자미무조림
646,메밀부추전
647,아욱된장국
648,매실짱아찌
649,콩나물파채무침
650,샐러드파스타
651,바베큐장각오븐구이
652,다시마쌈
653,얼갈이나물
654,닭살카레라이스
655,수제돈가스*소스
656,호박부추전
657,매운족발볶음
658,콩나물겨자채
659,찜닭
660,또띠아피자
661,요거닭
662,양념깻잎지
663,세발나물생채
664,미역초무침
665,사골떡국
666,브로컬리오징어숙회
667,양념찜닭
668,오리대패불고기
669,쇠고기미역국
670,버섯메추리알장조림
671,청양된장찌개
672,새우까스&탈탈소스
673,오이무침/식혜
674,호두견과류강정
675,새우까스*칠리소스
676,아욱국
677,오이맛살초무침
678,"망고,복숭아아이스티"
679,버섯들깨국
680,차돌비빔국수
681,갈치양념조림
682,홍합탕
683,배추겉절이/미니핫도그
684,쑥갓두부무침
685,개성감자만두
686,단호박어묵탕수
687,양장피
688,귤
689,명태엿장조림
690,콩자반/치킨무
691,돈육김치볶음
692,새송이떡갈비구이
693,오이도라지무침
694,호박고추장찌개
695,무비트생채
696,간장찜닭
697,오이미역냉국
698,오징어돈육볶음
699,소세지오븐구이
700,모듬소세지버섯구이
701,팽이된장국
702,매콤미니함박
703,오이&당근*쌈장
704,해물동그랑땡
705,함박스테이크*소스
706,순살깐풍기
707,해파리냉채
708,온두부
709,훈제오리/무쌈
710,얼갈이된장무침
711,통오이고추무침
712,해물파전
713,바지락냉이국
714,꽁치김치말이찜
715,양배추쌈*쌈장
716,단호박/김말이튀김
717,쇠고기해장국
718,미소장국
719,쇠고기두부찜
720,비엔나떡조림
721,순대볶음
722,삼치무조림
723,소고기국
724,해물굴소스볶음
725,연근유자피클
726,오징어국
727,만두탕수육
728,가지고추장무침
729,오복지무침
730,잔치국수
731,버섯국
732,마늘종숙회
733,부추깻잎전
734,마파두부
735,숙주나물무침
736,쇠고기불고기
737,수제돈가스
738,더덕구이
739,포기김치/열대과일
740,메밀전
741,돈육강정
742,모듬묵샐러드
743,치커리사과생채
744,골뱅이채소무침
745,한방소갈비찜
746,브로콜리숙회
747,떡볶이
748,생선까스&소스
749,홍합국
750,오이무침
751,숙주미나리무침
752,올방개묵무침
753,아삭고추무침/귤
754,시래기국
755,볼어묵볶음
756,돈육도라지고추장볶음
757,바싹불고기*양파초절임
758,총각김치
759,꼬지어묵탕
760,톳무침
761,양념돼지갈비찜
762,마카로니치즈범벅
763,청양부추전
764,떡갈비
765,갈치감자조림
766,북어채국
767,갈릭버섯탕수
768,포기김치/수떡수떡화채
769,동태매운탕
770,소고기낙지볶음
771,우무묵냉국
772,상추쌈/고추/마늘
773,봉추찜닭
774,목살스테이크
775,두릅소고기샐러드
776,매운버섯국
777,장어고추장양념구이
778,새송이*가지구이/양념
779,꽈리고추어묵볶음
780,팽이장국
781,모둠쌈*씨앗쌈장
782,과일그라탕
783,곤약야채무침
784,쭈꾸미숙회무침
785,팽이무국
786,고구마줄기볶음
787,야채계란찜
788,오렌지자몽샐러드
789,청경채사과생채
790,<초복특식>
791,코다리조림
792,해물된장찌개
793,시래기나물
794,"인절미츄러스맛탕,배즙"
795,유부주머니된장국
796,가자미엿장구이
797,포기김치/요플레
798,고구마순무침
799,파래김
800,돈나물유자청무침
801,물만두국
802,쇠고기장조림
803,매운주꾸미볶음
804,상추/쑥갓쌈&쌈장
805,돈육잡채
806,삼계탕
807,콩나물냉국
808,소고기잡채
809,갈릭순살치킨
810,김치국
811,무쌈말이
812,김치빈대떡
813,들깨시락국
814,사과맛살초무침
815,맛탕
816,어묵고추장떡
817,주꾸미볶음
818,짜장소스
819,군만두
820,갈치조림
821,청경채새송이볶음
822,부추무침/보쌈김치/수박화채
823,카레닭볶음
824,갈릭돈까스
825,모둠양채쌈*쌈장
826,콩나물국
827,포기김치/나쵸
828,돈육고추장볶음
829,안동찜닭
830,부추샐러드*오리엔탈
831,버섯초무침
832,우엉조림
833,부추팽이겉절이
834,마늘쫑건새우볶음
835,북어국
836,돈육씨앗강정
837,언양식불고기
838,명란계란말이
839,두부김치국
840,연두부*달래양념장
841,열기어구이
842,청경채나물
843,수제두부까스&하이소스
844,오징어젓무침
845,생선커틀릿*탈탈소스
846,봄동겉절이
847,동태전/새송이전
848,"청,적포도,오렌지주스"
849,임연수구이
850,고구마튀김
851,떡만두국
852,쫑상추무침
853,통감자오븐구이
854,후라이드*강정소스
855,청경채/버섯숙회*초장
856,봄동겉절이/마늘바게트
857,알리오올리오파스타
858,깍두기/수제과일잼샌드
859,모둠채소무침
860,등심돈까스
861,"사과,마시는요거트"
862,돈육칠리강정
863,생선커틀렛
864,돈육간장강정
865,쫄면무침
866,오이생채
867,비엔나간장볶음
868,치킨너겟*머스타드
869,"야채스틱,고추*쌈장"
870,부추생채
871,어묵꽈리볶음
872,삼색꼬지전
873,오이양파무침
874,매콤함박스테이크
875,어묵꽈리고추조림
876,오징어볶음&소면사리
877,콩나물김칫국
878,매운콩나물무침
879,꽁치한마리레몬구이
880,치즈계란말이
881,부추무침/살구복숭아주스
882,간장파닭
883,근대된장국
884,궁중떡볶음
885,물파래전
886,궁중떡찜
887,호박잎된장국
888,치킨텐더*콘소스D
889,식혜
890,주꾸미세비체샐러드
891,소고기된장찌개
892,닭개장
893,사과고구마그라탕
894,오미산적/동태전
895,미니짬뽕
896,포기김치/딸기푸딩
897,감자채파프리카볶음
898,콩나물겨자채무침
899,아귀순살찜
900,햄감자채볶음
901,다시마*브로컬리
902,콘샐러드
903,카레라이스
904,양파절임
905,호박꼬지&고사리&무나물
906,어묵고추장볶음
907,애기새송이버섯볶음
908,열무된장나물
909,군고구마
910,동파삼겹수육
911,요플레/오복지
912,건새우마늘쫑볶음
913,수제돈까스*칠리소스
914,대패삼겹살볶음
915,맑은순두부국
916,오리들깨탕
917,도토리묵*양념간장
918,타꼬야끼
919,북엇국
920,콩나물파채불고기
921,콩조림
922,표고돈육탕수
923,맛살떡샐러드
924,포기김치/귤
925,도토리묵무침
926,비엔나채소볶음
927,조각케익
928,곰피초장
929,배추겉절이
930,과일탕수육
931,부추전
932,참나물땅콩무침
933,조갯살무국
934,채소프리타타
935,가래떡츄러스
936,참나물생채
937,치커리들깨무침
938,장어강정
939,물미역초장
940,참나물생채무침
941,호박전
942,양배추쌈*양념장
943,훈제오리구이/쌈무
944,소고기샤브국
945,표고버섯탕수육
946,돈육보쌈
947,꽈리고추메추리알조림
948,찐햇감자
949,건새우무국
950,봄동된장국
951,치커리생채
952,요거트드링킹
953,포기김치/붕어빵
954,수제함박스테이크
955,오이무침/치킨무
956,굴비구이
957,꽃상추무침
958,모듬소세지볶음
959,브로콜리새송이메추리알조림
960,포기김치/식혜
961,생선가스*칠리소스
962,감자채전
963,할라피뇨채소피클
964,열무김치
965,가지완자튀김
966,검은깨올방개묵무침
967,떡국
968,보쌈
969,돈갈비찜
970,청량된장찌개
971,오꼬노미계란말이
972,쌈다시마초장
973,곤약어묵볶음
974,부들어묵볶음
975,단호박계란찜
976,미역국
977,깐풍육
978,홍어무침
979,가자미엿장조림
980,오이미역무침
981,황태국
982,오징어튀김
983,골뱅이무침&소면
984,멸치볶음
985,갈치구이
986,오리양념불고기*쌈무
987,소세지피망볶음
988,땅콩조림
989,돼지갈비찜/잡채
990,사골우거지국
991,쇠고기잡채
992,전복장각삼계탕
993,양배추쌈
994,매콤떡갈비조림
995,버섯볶음
996,홍합살무국
997,오이무초무침
998,돈육꽈리고추볶음
999,가지볶음
1000,애호박전
1001,부추고추전*간장
1002,양배추/다시마쌈*씨앗쌈장
1003,청경채사과무침
1004,모둠소세지구이
1005,만가닥버섯불고기
1006,메밀전병
1007,갈비통통만두
1008,소고기불고기
1009,치즈함박스테이크
1010,매운소고기국
1011,사각어묵무침
1012,콩나물잡채
1013,김치찌개
1014,참나물
1015,감자그라탕
1016,도라지오이생채
1017,순두부찌개
1018,햄피망볶음
1019,오향장육
1020,골뱅이소면무침
1021,양파짱아찌
1022,두부맛전
1023,메밀버섯전
1024,순대채소볶음
1025,흑임자연근샐러드
1026,목살찹스테이크
1027,깐풍연근
1028,우거지해장국
1029,동그랑땡부침
1030,쇠고기숙주볶음
1031,꽃게된장국
1032,브로컬리초장
1033,삼겹살오븐구이
1034,영양부추
1035,된장찌개
1036,천도복숭아
1037,새송이버섯볶음
1038,닭볶음탕
1039,닭가슴살장조림
1040,계란버섯장조림
1041,나가사끼짬뽕국
1042,오징어야채무침
1043,모듬묵흑임자샐러드
1044,적어구이&양념장
1045,콩나물두루치기
1046,멸치크렌베리볶음
1047,해물부추전
1048,냉이나물무침
1049,시저샐러드
1050,모듬묵*양념장
1051,갈비만두
1052,삼겹살김치볶음
1053,단배추나물
1054,조기구이
1055,주꾸미브로콜리숙회
1056,송편/식혜
1057,토마토스크램블
1058,참나물겉절이
1059,감자양파국
1060,얼큰소고기국
1061,가래떡돼지갈비찜
1062,두부커틀렛*칠리
1063,세발나물
1064,강된장찌개
1065,두부커틀릿
1066,꽁치구이
1067,단호박장조림
1068,양념두부조림
1069,*타르타르소스
1070,오징어볶음
1071,근대국
1072,삼겹살구이
1073,비빔메밀면
1074,해물까스*타르타르소스
1075,치킨무/돌나물무침
1076,유부주머니국
1077,오이지냉국
1078,쇠고기샤브국
1079,오이도라지무침/수박
1080,우엉잡채
1081,해물돼지갈비찜
1082,견과류조림
1083,누룽지탕수육
1084,통계란꼬치어묵탕
1085,김치찐만두
1086,송편/식혜/과일
1087,적어양념장구이
1088,브로컬리맛살볶음
1089,굴떡국
1090,고사리육개장
1091,모둠양채쌈
1092,닭감자조림
1093,모둠소시지구이
1094,돈육간장불고기
1095,쌈무/야채스틱
1096,맑은계란국
1097,궁중떡볶이
1098,옹심이만둣국
1099,메추리알짜장떡볶이
1100,치커리만다린무침
1101,동태무조림
1102,생야채
1103,녹두전
1104,실곤약무침
1105,모둠묵*양념장
1106,가쯔오장국
1107,닭살겨자냉채
1108,버섯잡채
1109,미니채소떡갈비
1110,영양부추생채
1111,해물김치전
1112,상추무침
1113,장각삼계탕
1114,군고구마/과일
1115,육개장
1116,물미역무침
1117,삼겹살수육&풋고추
1118,버섯들깨탕
1119,상추쌈
1120,오이무침/귤
1121,치커리무침
1122,교촌간장치킨
1123,청국장찌개
1124,돈육볶음
1125,해물완자전
1126,삼색콜리*초고추장
1127,쇠고기무국
1128,달래된장국
1129,상추파채무침
1130,소고기버섯볶음
1131,머위된장나물
1132,머위대들깨볶음
1133,무생채
1134,떡갈비조림
1135,소갈비찜
1136,감자채카레볶음
1137,유채나물/치킨무
1138,콩나물냉채
1139,열무물국수
1140,계란말이
1141,유기농식혜
1142,청포도
1143,맛살겨자초무침
1144,꽃게탕
1145,데리야끼파닭
1146,포기김치/나쵸칩
1147,포기김치/라면땅
1148,쫄면야채무침
1149,미역장국
1150,닭볶음
1151,석박지/청포도주스
1152,연근조림
1153,오징어찌개
1154,오이초무침
1155,비름나물된장무침
1156,가자미양념찜
1157,비엔나케찹볶음
1158,냉메밀소바
1159,비엔나감자볶음
1160,홍합살미역국
1161,삼치양념구이
1162,오이쑥갓생채
1163,대구찌개
1164,생선까스*칠리소스
1165,LA갈비구이
1166,호박잎쌈*양념
1167,물파래무침
1168,뼈없는감자탕
1169,들깨무채국
1170,조갯살아욱국
1171,쌈무/부추생채
1172,콩나물불고기
1173,한식잡채
1174,미트볼조림
1175,카레감자채볶음
1176,아삭고추된장무침
1177,소고기미역국
1178,닭오븐구이
1179,콩가루배추국
1180,연근땅콩조림
1181,배추된장국
1182,유산슬
1183,닭살겨자채
1184,순살양념치킨
1185,오이달래무침
1186,조랭이떡국
1187,감자고추장찌개
1188,도라지초무침
1189,"양배추,케일*우렁쌈장"
1190,냉이콩나물국
1191,셀프무쌈말이
1192,육전
1193,건새우호박채전
1194,두부조림
1195,단호박물김치
1196,생선까스&타르타르소스
1197,실곤약흑임자무침
1198,들깨버섯탕
1199,대구매운탕
1200,연근/오징어튀김
1201,야채고로케
1202,"파인애플,요플레"
1203,고추장누들떡볶이
1204,오징어굴소스볶음
1205,연두부*양념장
1206,모듬쌈*쌈장
1207,마늘쫑볶음
1208,수제비국
1209,고기완자전*케찹
1210,당면채소무침
1211,주꾸미굴소스볶음
1212,어묵볶음
1213,유채나물겉절이
1214,도토리묵야채무침
1215,새송이너비아니구이
1216,오징어볶음*소면
1217,배추깻잎*쌈장
1218,고구마치즈돈까스
1219,부추겉절이
1220,쭈꾸미볶음
1221,건새우무채국
1222,한방설렁탕
1223,봄동숙*간장양념
1224,황태양념구이
1225,치커리오이무침
1226,갓김치
1227,매실주스
1228,오리훈제고추장볶음
1229,"식혜,오렌지,바나나"
1230,올갱이아욱국
1231,두부스테이크
1232,갈비탕
1233,연어훈제샐러드
1234,꽁치레몬구이
1235,감자수제비국
1236,깻잎전
1237,유부된장국
1238,꽃상추겉절이
1239,옥수수계란찜
1240,꽈리고추멸치볶음
1241,북어해장국
1242,알배기/상추*쌈장
1243,버섯구이*발사믹D
1244,대파육개장
1245,해물섞어찜
1246,청경채깨장나물
1247,수제돈까스&소스
1248,쇠고기버섯볶음
1249,단배추나물/치킨무
1250,채소스틱&쌈장
1251,명엽채볶음
1252,김치콩나물국
1253,양파절임/쌈무
1254,쭈꾸미삼겹살볶음
1255,물미역*초장
1256,브로콜리숙회*초장
1257,모둠쌈/씨앗쌈장
1258,삼색물만두무침
1259,떡밤초
1260,살살치킨&칠리소스
1261,냉이된장국
1262,토마토/락교
1263,포기김치
1264,파프리카해초무침
1265,소고기떡국
1266,연두부국
1267,백김치
1268,분홍소시지전/새송이전
1269,마늘쫑무침
1270,닭강정
1271,파래김*양념
1272,홍초콩나물국
1273,감자프리타타
1274,비엔나컬리플라워볶음
1275,오이냉국
1276,양배추*쌈
1277,설렁탕
1278,맛살콩나물냉채
1279,포기김치/찐옥수수
1280,쌈무/양파절임
1281,순살파닭
1282,새우까스*탈탈소스
1283,훈제오리마늘볶음
1284,올챙이만두국
1285,제첩두부국
1286,콩나물파채/상추쌈
1287,모듬소시지구이
1288,돈육김치찌개
1289,닭가슴살냉채
1290,꼬들빼기김치
1291,과일샐러드
1292,콩나물무침
1293,맛살계란찜
1294,사각어묵볶음
1295,메밀전병*간장
1296,골뱅이야채무침
1297,쑥국
1298,후르츠탕수육
1299,간장돼지갈비찜
1300,두부새싹구이
1301,황태채마늘쫑무침
1302,콥샐러드
1303,고춧잎볶음
1304,양파치킨
1305,모듬튀김
1306,비엔케찹볶음
1307,감자범벅
1308,감자만두*양념
1309,삼치데리야끼
1310,쌈추/와사비무쌈*쌈장
1311,짜글이돼지찌개
1312,호박잎*양배추쌈
1313,오꼬노미야끼
1314,두부된장찌개
1315,시금치된장국
1316,콩나물동태찜
1317,김구이
1318,양잡피잡채
1319,양배추숙쌈&쌈장
1320,부추호박전
1321,대패삼겹*파채
1322,핫도그/음료
1323,모듬야채쌈
1324,돈갈비양념구이
1325,꽃맛살볶음
1326,치킨까스&소스
1327,춘권
1328,도토리묵냉국
1329,도라지오이초무침
1330,닭간장조림
1331,콩비지찌개
1332,참나물두부무침
1333,코다리강정
1334,동파육
1335,참치야채전
1336,오징어초무침
1337,자몽에이드
1338,오징어&브로컬리*초장
1339,브로컬리*초장
1340,오징어브로컬리*초장
1341,감자전
1342,매운쇠고기샤브샤브
1343,바지락살무국
1344,주꾸미떡볶음
1345,브로컬리
1346,쌈채소&쌈장
1347,김치전
1348,양배추/케일숙쌈*양념간장
1349,등갈비김치말이
1350,돈육두루치기
1351,오이사과생채
1352,"곰취,명이나물-장아찌"
1353,오이도라지생채
1354,언양식불고기*양파채
1355,두반장가지볶음
1356,시금치고추장무침
1357,고기듬뿍카레라이스
1358,유부장국
1359,호박잎된장찌개
1360,고등어김치말이찜
1361,꽁치김치말이
1362,굴김치두부국
1363,꽈리고추찜
1364,훈제오리볶음
1365,치킨핑거*요거트D
1366,야채스틱*쌈장
1367,콩나물제육볶음
1368,토마토두부카프레제
1369,무채와사비무침/콩자반
1370,양파절임/부추생채
1371,꽃맛살오리엔탈샐러드
1372,짜요짜요
1373,물만두
1374,고기완자전
1375,고구마그라탕
1376,토란국
1377,상추겉절이
1378,칠리탕수육
1379,호박새우젓볶음
1380,탕수육
1381,동태알탕
1382,소고기당면국
1383,매콤해물볶음
1384,부추만두
1385,그린샐러드
1386,치커리사과유자청무침
1387,단무지/오렌지
1388,락교
1389,도라지생채
1390,해물청경채볶음
1391,미역줄기볶음
1392,임연수무조림
1393,황태채국
1394,탕평채
1395,수제피클/음료
1396,돼지갈비찜
1397,쨔샤이무침
1398,양배추쌈*젓장
1399,어묵간장조림
1400,실곤약냉채
1401,매운동태찜
1402,무생채/요플레
1403,감자국
1404,비트무피클
1405,돼지간장불고기
1406,두부까스*칠리소스
1407,떡잡채
1408,애호박나물
1409,한방갈비탕
1410,토마토계란볶음
1411,웨지감자오븐구이
1412,짬뽕국
1413,매운소고기무국
1414,미역레몬초무침
1415,New)요거닭
1416,방울토마토
1417,꼬시래기무초무침
1418,수완왕갈비맛통닭
1419,꼬막미나리초무침
1420,과일요거트샐러드
1421,김치우동
1422,알탕
1423,쫄면
1424,도라지오이무침
1425,두부오꼬노미야끼
1426,양념치킨
1427,메추리알탕수
1428,영양부추무침
1429,달래무침
1430,레몬탕수육
1431,어묵꽈리고추볶음
1432,우엉불고기
1433,복숭아미역냉국
1434,낙지볶음
1435,꽁치캔김치조림
1436,모듬묵*장
1437,해초무침
1438,청경채만다린생채
1439,삼겹살김치찜
1440,도라지나물
1441,포기김치/햇고구마오븐구이
1442,새알만두국
1443,호박된장국
1444,솎음열무나물
1445,고기전
1446,치킨너겟
1447,브로컬리들깨찜
1448,완자전
1449,주꾸미야채무침
1450,고추장불고기
1451,홍어미나리초무침
1452,훈제오리고추장볶음
1453,깐풍두부
1454,파채상추무침
1455,실곤약초무침
1456,크리스마스케익
1457,두부계란전
1458,메추리알곤약조림
1459,크림스프
1460,오므라이스
1461,고추지무침
1462,콩나물부추무침
1463,수제돈까스
1464,가지무침
1465,두부계란구이
1466,머위대나물
1467,돈육피망볶음
1468,짬뽕불고기
1469,무쌈/부추무침
1470,"치커리유자샐러드,알로에주스"
1471,참치김치찌개
1472,개성식메밀부침개
1473,무말랭이무침
1474,청경채생채
1475,매운닭찜
1476,겉절이김치/양념장
1477,쨔샤이무침/아이스슈
1478,모히토과일샐러드
1479,새싹두부구이
1480,나주곰탕
1481,무나물
1482,돌나물*초장
1483,생선까스*탈탈소스
1484,춘천닭갈비
1485,너비아니구이
1486,취나물무침
1487,간장마늘치킨
1488,샐러드바:과일
1489,비엔나컬리플라워조림
1490,닭갈비
1491,감자샐러드
1492,사과고구마그라탱
1493,양념파닭
1494,미나리오이무침
1495,시래기조림
1496,꼬지삼색전
1497,얼갈이된장국
1498,차돌된장찌개
1499,카레닭찜
1500,콩가루배추된장국
1501,새송이버섯조림
1502,모듬소시지볶음
1503,닭데리야끼조림
1504,"황도샐러드,포도주스"
1505,구운채소
